player_id,name,recent_team,season,week,position_wr,position_te,season_tot_receptions,season_tot_targets,season_tot_receiving_yards,season_tot_receiving_tds,season_tot_receiving_air_yards,season_avg_racr,season_avg_tgt_share,season_avg_air_yards_share,season_avg_wopr,season_avg_fantasy_points_ppr,recent_racr,recent_tgt_share,recent_air_yards_share,recent_wopr,recent_fantasy_points_ppr,career_fpts,actual_fantasy_pts
00-0027944,Julio Jones,TB,2022,5,1,0,4,7,76,0,161,0.47,0.09,0.26,0.31,6.65,0.47,0.09,0.26,0.31,6.65,17.98,1.70
00-0028002,Randall Cobb,GB,2022,5,1,0,10,12,150,0,157,0.96,0.10,0.19,0.28,6.25,0.87,0.10,0.17,0.27,7.20,11.87,7.20
00-0029000,Cole Beasley,TB,2022,5,1,0,4,5,17,0,12,1.42,0.05,0.02,0.10,2.85,1.42,0.05,0.02,0.10,2.85,8.94,1.50
00-0029293,Marvin Jones,JAX,2022,5,1,0,11,19,104,1,264,0.39,0.15,0.28,0.42,6.85,0.25,0.14,0.29,0.42,6.53,11.94,0.00
00-0030035,Adam Thielen,MIN,2022,5,1,0,21,28,221,1,263,0.84,0.19,0.27,0.47,12.27,0.70,0.21,0.29,0.51,14.17,13.31,15.20
00-0030061,Zach Ertz,ARI,2022,5,0,1,22,31,181,2,175,1.03,0.18,0.17,0.40,13.53,0.95,0.20,0.20,0.45,14.23,11.74,16.70
00-0030431,Robert Woods,TEN,2022,5,1,0,13,20,167,1,189,0.88,0.20,0.25,0.47,8.93,0.81,0.26,0.34,0.62,11.13,12.49,13.00
00-0030506,Travis Kelce,KC,2022,5,0,1,26,34,322,3,269,1.20,0.24,0.25,0.54,19.58,0.75,0.25,0.22,0.53,17.40,16.12,24.20
00-0031236,Brandin Cooks,HOU,2022,5,1,0,20,36,215,1,316,0.68,0.26,0.30,0.60,11.88,0.42,0.23,0.24,0.51,10.77,14.23,18.70
00-0031260,Logan Thomas,WAS,2022,5,0,1,13,20,106,1,167,0.63,0.12,0.13,0.27,7.40,0.37,0.11,0.09,0.23,7.37,6.55,6.90
00-0031273,Cameron Brate,TB,2022,5,0,1,11,19,100,0,118,0.85,0.13,0.10,0.26,5.25,0.79,0.13,0.12,0.28,6.43,7.00,7.20
00-0031381,Davante Adams,LV,2022,5,1,0,26,47,290,3,438,0.66,0.32,0.37,0.74,18.25,0.34,0.27,0.30,0.62,14.30,17.10,19.50
00-0031382,Jarvis Landry,NO,2022,5,1,0,15,21,168,0,226,0.74,0.15,0.14,0.33,8.45,0.24,0.11,0.08,0.22,5.13,14.03,4.70
00-0031408,Mike Evans,TB,2022,5,1,0,16,21,235,3,276,0.85,0.19,0.29,0.49,19.17,0.85,0.19,0.29,0.49,19.17,16.37,30.30
00-0031428,Allen Robinson,LA,2022,5,1,0,9,18,95,1,185,0.51,0.12,0.19,0.32,6.13,0.45,0.15,0.22,0.38,7.43,13.65,2.70
00-0031484,Chris Manhertz,JAX,2022,5,0,1,1,1,0,0,-3,0.00,0.04,-0.02,0.05,1.00,0.00,0.04,-0.02,0.05,1.00,2.18,1.00
00-0031544,Amari Cooper,CLE,2022,5,1,0,20,31,228,2,324,0.70,0.25,0.38,0.65,13.70,0.65,0.27,0.42,0.70,16.70,13.97,1.90
00-0031547,DeVante Parker,NE,2022,5,1,0,8,16,189,1,304,0.62,0.14,0.27,0.40,8.22,0.59,0.16,0.34,0.48,10.33,10.96,10.40
00-0031549,Nelson Agholor,NE,2022,5,1,0,14,18,225,1,245,0.92,0.16,0.22,0.39,9.62,0.80,0.15,0.23,0.39,11.57,8.68,7.60
00-0031588,Stefon Diggs,BUF,2022,5,1,0,31,41,406,4,414,0.98,0.25,0.37,0.64,23.90,0.69,0.25,0.36,0.62,23.13,16.01,10.20
00-0031610,Darren Waller,LV,2022,5,0,1,16,24,175,1,273,0.64,0.17,0.23,0.41,9.87,0.35,0.16,0.22,0.40,9.20,11.89,5.40
00-0031763,DeAndre Carter,LAC,2022,5,1,0,11,14,166,1,160,1.04,0.09,0.15,0.24,8.27,0.64,0.08,0.10,0.19,5.90,5.61,3.60
00-0031868,Damiere Byrd,ATL,2022,5,1,0,0,1,0,0,40,0.00,0.06,0.17,0.20,0.00,0.00,0.06,0.17,0.20,0.00,6.20,0.00
00-0031941,Jamison Crowder,BUF,2022,5,1,0,6,13,60,0,121,0.50,0.08,0.11,0.20,3.00,0.26,0.07,0.11,0.18,2.07,10.65,1.70
00-0032208,Phillip Dorsett,HOU,2022,5,1,0,1,4,15,0,36,0.42,0.04,0.05,0.09,0.83,0.42,0.04,0.05,0.09,0.83,5.93,0.00
00-0032211,Tyler Lockett,SEA,2022,5,1,0,27,34,302,0,392,0.77,0.26,0.38,0.66,14.30,0.70,0.29,0.40,0.72,17.13,12.66,15.10
00-0032392,Austin Hooper,TEN,2022,5,0,1,5,10,48,0,61,0.79,0.10,0.08,0.20,2.45,0.69,0.11,0.11,0.25,2.73,8.42,1.40
00-0032398,Chris Moore,HOU,2022,5,1,0,8,12,108,0,70,1.54,0.09,0.07,0.18,4.70,1.10,0.09,0.07,0.18,4.23,3.95,0.00
00-0032464,Kalif Raymond,DET,2022,5,1,0,4,8,42,0,141,0.30,0.07,0.13,0.20,2.17,0.30,0.07,0.13,0.20,2.17,5.37,5.10
00-0032688,Robbie Anderson,CAR,2022,5,1,0,12,22,174,1,240,0.73,0.19,0.32,0.52,8.35,0.30,0.16,0.29,0.45,4.07,10.61,5.60
00-0032775,Demarcus Robinson,BAL,2022,5,1,0,5,10,41,1,86,0.48,0.09,0.08,0.19,3.77,0.26,0.07,0.06,0.15,3.73,5.58,3.00
00-0033009,Tyler Boyd,CIN,2022,5,1,0,12,19,202,2,220,0.92,0.12,0.19,0.32,11.78,0.77,0.12,0.17,0.29,11.27,11.37,7.62
00-0033040,Tyreek Hill,MIA,2022,5,1,0,31,43,477,2,453,1.05,0.31,0.38,0.74,22.80,0.85,0.29,0.37,0.70,24.40,17.97,25.90
00-0033090,Hunter Henry,NE,2022,5,0,1,5,9,41,0,82,0.50,0.08,0.07,0.17,2.27,0.26,0.07,0.05,0.14,1.70,9.99,3.30
00-0033110,Tyler Higbee,LA,2022,5,0,1,26,38,244,0,128,1.91,0.26,0.13,0.48,12.60,1.60,0.25,0.15,0.48,13.83,7.17,17.30
00-0033217,Mo Alie-Cox,IND,2022,5,0,1,10,14,129,2,67,1.93,0.09,0.07,0.19,8.72,1.54,0.12,0.08,0.24,10.10,4.66,26.50
00-0033246,Johnny Mundt,MIN,2022,5,0,1,7,9,68,0,21,3.24,0.06,0.02,0.11,3.45,2.43,0.05,0.02,0.09,3.03,2.55,0.00
00-0033251,Zach Pascal,PHI,2022,5,1,0,6,7,39,0,37,1.05,0.06,0.04,0.12,2.48,0.86,0.07,0.04,0.13,2.73,7.29,0.00
00-0033282,Curtis Samuel,WAS,2022,5,1,0,26,37,219,2,151,1.45,0.22,0.11,0.41,15.75,1.09,0.21,0.13,0.40,14.60,10.47,7.80
00-0033288,George Kittle,SF,2022,5,0,1,6,9,52,0,33,1.58,0.17,0.09,0.31,5.60,1.58,0.17,0.09,0.31,5.60,12.81,4.40
00-0033307,Kendrick Bourne,NE,2022,5,1,0,9,12,138,0,166,0.83,0.10,0.15,0.26,6.08,0.58,0.13,0.16,0.30,6.40,7.87,5.80
00-0033357,Taysom Hill,NO,2022,5,0,1,1,1,2,0,2,1.00,0.01,0.00,0.02,8.27,1.00,0.01,0.00,0.02,8.27,7.29,8.10
00-0033466,Isaiah McKenzie,BUF,2022,5,1,0,15,21,153,3,139,1.10,0.13,0.13,0.28,12.23,0.96,0.14,0.13,0.30,13.00,5.98,12.10
00-0033536,Mike Williams,LAC,2022,5,1,0,18,31,258,2,379,0.68,0.20,0.35,0.54,13.95,0.65,0.22,0.43,0.63,17.60,11.03,19.00
00-0033555,Mack Hollins,LV,2022,5,1,0,17,25,273,1,293,0.93,0.17,0.25,0.43,12.61,0.88,0.22,0.32,0.55,15.95,4.62,6.30
00-0033572,Jamal Agnew,JAX,2022,5,1,0,6,9,73,2,111,0.66,0.07,0.12,0.19,6.50,0.60,0.09,0.20,0.27,7.93,4.63,21.00
00-0033576,Eric Saubert,DEN,2022,5,0,1,2,6,47,1,106,0.44,0.05,0.10,0.14,3.17,0.44,0.06,0.12,0.17,4.23,2.27,3.50
00-0033591,Noah Brown,DAL,2022,5,1,0,18,27,274,1,285,0.96,0.21,0.28,0.51,12.85,0.72,0.21,0.30,0.53,13.20,3.81,9.10
00-0033757,Robert Tonyan,GB,2022,5,0,1,13,16,106,1,53,2.00,0.13,0.06,0.24,7.40,1.32,0.12,0.05,0.22,7.67,7.50,10.20
00-0033798,Mason Schreck,HOU,2022,5,0,1,1,1,0,0,2,0.00,0.03,0.01,0.05,1.00,0.00,0.03,0.01,0.05,1.00,0.50,1.00
00-0033857,JuJu Smith-Schuster,KC,2022,5,1,0,19,27,224,0,239,0.94,0.19,0.22,0.44,9.85,0.61,0.19,0.20,0.42,9.17,14.03,9.60
00-0033871,Corey Davis,NYJ,2022,5,1,0,15,26,261,2,411,0.64,0.14,0.28,0.41,13.27,0.45,0.13,0.25,0.37,13.13,10.23,18.40
00-0033879,O.J. Howard,HOU,2022,5,0,1,5,9,72,2,139,0.52,0.06,0.13,0.19,6.05,0.24,0.07,0.14,0.20,2.13,7.48,4.70
00-0033881,Evan Engram,JAX,2022,5,0,1,13,16,99,0,86,1.15,0.12,0.09,0.25,6.23,0.83,0.13,0.11,0.27,6.03,9.82,2.60
00-0033885,David Njoku,CLE,2022,5,0,1,18,23,201,1,109,1.84,0.19,0.13,0.37,10.37,1.78,0.24,0.17,0.48,13.27,7.07,9.70
00-0033895,Gerald Everett,LAC,2022,5,0,1,16,26,211,2,201,1.05,0.16,0.19,0.38,12.28,0.78,0.18,0.20,0.41,11.57,6.20,17.10
00-0033908,Cooper Kupp,LA,2022,5,1,0,42,54,402,3,415,0.97,0.36,0.44,0.85,26.55,0.66,0.36,0.42,0.84,24.80,18.36,26.20
00-0033921,Chris Godwin,TB,2022,5,1,0,10,13,94,0,58,1.62,0.16,0.09,0.31,9.70,1.62,0.16,0.09,0.31,9.70,13.67,12.90
00-0033932,Kenny Golladay,NYG,2022,5,1,0,2,6,22,0,54,0.41,0.09,0.11,0.21,1.40,0.41,0.09,0.11,0.21,1.40,11.07,0.00
00-0033943,Josh Reynolds,DET,2022,5,1,0,17,24,243,2,320,0.76,0.16,0.24,0.41,13.33,0.67,0.19,0.27,0.47,16.50,6.98,21.10
00-0034011,Dan Arnold,JAX,2022,5,0,1,2,2,34,0,3,11.33,0.04,0.01,0.06,2.70,11.33,0.04,0.01,0.06,2.70,6.25,3.60
00-0034054,River Cracraft,MIA,2022,5,1,0,2,4,13,2,31,0.42,0.04,0.03,0.08,5.10,0.42,0.04,0.03,0.08,5.10,4.40,0.00
00-0034073,Ross Dwelley,SF,2022,5,0,1,2,4,49,1,34,1.44,0.05,0.07,0.13,4.30,1.44,0.05,0.07,0.13,4.30,4.88,0.00
00-0034159,Will Dissly,SEA,2022,5,0,1,12,12,116,3,59,1.97,0.09,0.06,0.18,10.40,1.24,0.09,0.05,0.17,9.43,6.42,13.90
00-0034270,Tyler Conklin,NYJ,2022,5,0,1,21,29,192,1,91,2.11,0.16,0.06,0.28,11.55,1.93,0.18,0.07,0.31,11.53,6.59,8.20
00-0034272,Marquez Valdes-Scantling,KC,2022,5,1,0,13,23,168,0,251,0.67,0.16,0.23,0.41,7.38,0.49,0.19,0.29,0.49,7.13,7.73,9.30
00-0034279,Equanimeous St. Brown,CHI,2022,5,1,0,5,12,88,1,137,0.64,0.19,0.22,0.44,5.53,0.51,0.19,0.23,0.45,4.43,3.65,0.10
00-0034286,Richie James,NYG,2022,5,1,0,15,20,155,0,186,0.83,0.20,0.27,0.49,7.78,0.52,0.18,0.22,0.42,6.67,6.48,1.90
00-0034348,Courtland Sutton,DEN,2022,5,1,0,24,35,343,1,420,0.82,0.28,0.40,0.70,16.20,0.65,0.33,0.38,0.76,17.87,10.80,16.20
00-0034351,Dallas Goedert,PHI,2022,5,0,1,16,20,240,1,63,3.81,0.17,0.07,0.30,11.50,2.86,0.18,0.06,0.31,12.33,9.71,12.20
00-0034364,Jordan Akins,HOU,2022,5,0,1,5,6,64,1,31,2.06,0.09,0.06,0.18,8.70,2.06,0.09,0.06,0.18,8.70,4.82,5.30
00-0034365,Ian Thomas,CAR,2022,5,0,1,6,12,85,0,76,1.12,0.11,0.10,0.23,3.63,0.42,0.10,0.07,0.21,2.40,4.17,1.60
00-0034383,Dalton Schultz,DAL,2022,5,0,1,9,16,80,0,83,0.96,0.16,0.11,0.32,5.00,0.96,0.16,0.11,0.32,5.00,8.82,0.00
00-0034386,Justin Watson,KC,2022,5,1,0,2,5,50,1,87,0.57,0.04,0.08,0.11,3.25,0.57,0.04,0.11,0.14,4.33,4.61,0.00
00-0034407,Ray-Ray McCloud,SF,2022,5,1,0,4,8,53,0,88,0.60,0.08,0.12,0.20,2.32,0.38,0.08,0.10,0.19,2.10,3.37,1.60
00-0034411,Russell Gage,TB,2022,5,1,0,21,25,152,1,105,1.45,0.16,0.09,0.31,10.05,1.32,0.18,0.11,0.36,12.30,9.56,4.40
00-0034419,Braxton Berrios,NYJ,2022,5,1,0,6,8,43,0,40,1.08,0.04,0.03,0.09,4.09,0.15,0.02,0.02,0.04,2.56,6.64,5.68
00-0034487,Trent Sherfield,MIA,2022,5,1,0,8,11,77,0,116,0.66,0.08,0.10,0.19,3.93,0.59,0.08,0.10,0.20,4.63,3.58,9.50
00-0034521,Allen Lazard,GB,2022,5,1,0,12,17,174,2,235,0.74,0.19,0.38,0.55,13.80,0.74,0.19,0.38,0.55,13.80,9.63,17.60
00-0034613,Tanner Hudson,NYG,2022,5,0,1,3,5,40,0,52,0.77,0.11,0.15,0.26,3.50,0.77,0.11,0.15,0.26,3.50,1.70,2.80
00-0034646,Brandon Powell,LA,2022,5,1,0,5,5,43,0,0,43.00,0.03,0.00,0.05,2.02,33.00,0.04,0.00,0.05,1.93,3.58,1.10
00-0034753,Mark Andrews,BAL,2022,5,0,1,24,36,260,3,414,0.63,0.32,0.39,0.75,17.08,0.50,0.35,0.45,0.83,19.37,12.61,3.50
00-0034764,Michael Gallup,DAL,2022,5,1,0,2,3,24,1,29,0.83,0.12,0.13,0.26,10.40,0.83,0.12,0.13,0.26,10.40,10.76,10.40
00-0034765,Tre'Quan Smith,NO,2022,5,1,0,5,7,123,0,148,0.83,0.10,0.19,0.29,8.65,0.83,0.10,0.19,0.29,8.65,7.86,2.80
00-0034775,Christian Kirk,JAX,2022,5,1,0,20,36,327,3,307,1.07,0.28,0.33,0.65,17.75,0.68,0.26,0.32,0.62,17.77,11.93,8.30
00-0034827,D.J. Moore,CAR,2022,5,1,0,13,29,138,1,242,0.57,0.26,0.32,0.61,8.98,0.39,0.26,0.33,0.63,9.30,13.05,12.10
00-0034829,Mike Gesicki,MIA,2022,5,0,1,8,10,71,1,68,1.04,0.07,0.06,0.15,5.28,1.03,0.08,0.07,0.18,6.67,8.02,4.30
00-0034830,Hayden Hurst,CIN,2022,5,0,1,14,21,104,1,73,1.42,0.14,0.06,0.25,7.60,0.79,0.13,0.06,0.23,6.93,6.29,11.70
00-0034854,KhaDarel Hodge,ATL,2022,5,1,0,5,7,95,0,84,1.13,0.09,0.12,0.22,4.83,1.13,0.09,0.12,0.22,4.83,2.98,0.00
00-0034860,Dante Pettis,CHI,2022,5,1,0,1,4,51,1,57,0.89,0.11,0.16,0.27,6.05,0.89,0.11,0.16,0.27,6.05,7.72,0.00
00-0034970,Irv Smith Jr.,MIN,2022,5,0,1,10,20,91,1,122,0.75,0.14,0.12,0.29,6.28,0.75,0.15,0.15,0.33,8.37,6.76,5.30
00-0035021,Ashton Dulin,IND,2022,5,1,0,11,17,150,0,197,0.76,0.11,0.21,0.31,6.57,0.53,0.11,0.16,0.28,6.23,3.14,3.80
00-0035140,Mecole Hardman,KC,2022,5,1,0,8,12,71,1,126,0.56,0.09,0.12,0.21,5.18,0.44,0.06,0.05,0.12,3.37,7.92,1.40
00-0035208,Olamide Zaccheaus,ATL,2022,5,1,0,10,10,174,1,138,1.26,0.11,0.13,0.25,7.85,0.91,0.10,0.13,0.24,8.17,6.28,7.50
00-0035216,Diontae Johnson,PIT,2022,5,1,0,23,37,207,0,407,0.51,0.29,0.33,0.67,11.70,0.37,0.28,0.31,0.64,11.43,14.10,4.20
00-0035222,Zach Gentry,PIT,2022,5,0,1,3,3,42,0,-2,-21.00,0.05,0.00,0.07,3.60,-21.00,0.05,0.00,0.07,3.60,3.69,1.20
00-0035229,T.J. Hockenson,DET,2022,5,0,1,18,30,261,3,220,1.19,0.20,0.16,0.42,16.03,1.01,0.21,0.17,0.43,18.77,10.58,39.90
00-0035259,Trevon Wesco,CHI,2022,5,0,1,1,2,23,0,15,1.53,0.10,0.08,0.20,3.30,1.53,0.10,0.08,0.20,3.30,1.82,3.30
00-0035359,David Sills,NYG,2022,5,1,0,6,10,62,0,90,0.69,0.13,0.16,0.30,4.07,0.69,0.13,0.16,0.30,4.07,2.27,1.50
00-0035406,Lil'Jordan Humphrey,NE,2022,5,1,0,2,4,20,0,27,0.74,0.05,0.03,0.09,1.33,0.74,0.05,0.03,0.09,1.33,4.99,1.90
00-0035500,Greg Dortch,ARI,2022,5,1,0,21,24,204,1,127,1.61,0.14,0.12,0.30,11.85,1.11,0.11,0.09,0.23,11.37,9.05,1.60
00-0035510,Jeff Smith,NYJ,2022,5,1,0,1,2,17,0,33,0.52,0.03,0.05,0.07,1.35,0.52,0.03,0.05,0.07,1.35,3.04,0.00
00-0035535,Darius Slayton,NYG,2022,5,1,0,1,2,11,0,63,0.17,0.13,0.43,0.50,2.10,0.17,0.13,0.43,0.50,2.10,8.68,2.10
00-0035544,Tom Kennedy,DET,2022,5,1,0,3,5,54,0,73,0.74,0.13,0.19,0.32,8.40,0.74,0.13,0.19,0.32,8.40,3.83,8.40
00-0035547,Jody Fortson,KC,2022,5,0,1,2,3,11,2,9,1.22,0.03,0.01,0.05,5.03,1.22,0.03,0.01,0.05,5.03,5.26,8.00
00-0035572,Parker Hesse,ATL,2022,5,0,1,3,4,32,0,30,1.07,0.05,0.04,0.11,2.07,1.07,0.05,0.04,0.11,2.07,2.21,3.20
00-0035603,Kendall Blanton,LA,2022,5,0,1,2,2,35,0,12,2.92,0.03,0.03,0.06,2.75,2.92,0.03,0.03,0.06,2.75,4.21,1.70
00-0035639,Parris Campbell,IND,2022,5,1,0,9,12,90,0,66,1.36,0.08,0.07,0.17,4.50,0.80,0.08,0.07,0.17,3.77,5.42,8.30
00-0035640,DK Metcalf,SEA,2022,5,1,0,23,35,284,1,389,0.73,0.27,0.38,0.67,13.85,0.64,0.27,0.40,0.69,15.60,14.71,21.90
00-0035644,Noah Fant,SEA,2022,5,0,1,10,11,56,1,43,1.30,0.08,0.04,0.16,5.40,0.93,0.07,0.03,0.12,5.67,8.82,7.20
00-0035645,Gunner Olszewski,PIT,2022,5,1,0,0,0,0,0,0,0.00,0.00,0.00,0.00,0.90,0.00,0.00,0.00,0.00,0.90,2.76,0.00
00-0035659,Terry McLaurin,WAS,2022,5,1,0,14,27,250,1,416,0.60,0.16,0.31,0.46,11.43,0.46,0.18,0.33,0.50,10.63,13.50,3.50
00-0035662,Marquise Brown,ARI,2022,5,1,0,30,45,339,2,420,0.81,0.27,0.41,0.69,18.97,0.70,0.29,0.42,0.74,20.53,12.90,20.80
00-0035676,A.J. Brown,PHI,2022,5,1,0,25,38,404,1,425,0.95,0.32,0.44,0.79,17.85,0.59,0.28,0.40,0.70,15.30,14.90,14.50
00-0035689,Dawson Knox,BUF,2022,5,0,1,12,17,111,0,104,1.07,0.11,0.09,0.22,5.78,1.02,0.12,0.11,0.25,7.20,7.71,7.00
00-0035719,Deebo Samuel,SF,2022,5,1,0,18,28,246,1,83,2.96,0.27,0.11,0.48,15.98,2.80,0.27,0.13,0.49,17.10,15.76,23.70
00-0035771,Mitchell Wilcox,CIN,2022,5,0,1,3,3,30,0,4,7.50,0.03,0.00,0.05,2.00,7.50,0.03,0.00,0.05,2.00,2.65,2.80
00-0036040,Juwan Johnson,NO,2022,5,0,1,9,17,116,0,181,0.64,0.12,0.11,0.26,5.15,0.40,0.11,0.10,0.24,4.77,3.88,6.30
00-0036194,Devin Asiasi,CIN,2022,5,0,1,0,1,0,0,24,0.00,0.03,0.07,0.10,0.00,0.00,0.03,0.07,0.10,0.00,2.38,0.00
00-0036196,Gabriel Davis,BUF,2022,5,1,0,8,14,138,1,175,0.79,0.11,0.22,0.33,9.27,0.79,0.11,0.22,0.33,9.27,9.42,2.30
00-0036219,Marquez Callaway,NO,2022,5,1,0,4,7,57,1,95,0.60,0.10,0.12,0.24,7.85,0.60,0.10,0.12,0.24,7.85,8.07,8.30
00-0036232,Harrison Bryant,CLE,2022,5,0,1,9,14,81,0,106,0.76,0.15,0.17,0.34,5.70,0.76,0.15,0.17,0.34,5.70,4.87,5.80
00-0036233,Donovan Peoples-Jones,CLE,2022,5,1,0,12,24,141,0,220,0.64,0.20,0.26,0.48,6.53,0.37,0.14,0.22,0.36,4.70,7.67,12.10
00-0036244,Colby Parkinson,SEA,2022,5,0,1,6,7,115,1,71,1.62,0.07,0.08,0.16,7.83,1.62,0.07,0.08,0.16,7.83,3.93,4.80
00-0036252,Michael Pittman,IND,2022,5,1,0,20,28,224,1,167,1.34,0.23,0.24,0.51,16.13,1.34,0.23,0.24,0.51,16.13,11.79,6.10
00-0036259,Jauan Jennings,SF,2022,5,1,0,8,15,93,0,114,0.82,0.14,0.15,0.32,4.32,0.27,0.12,0.10,0.24,2.37,5.49,4.20
00-0036261,Brandon Aiyuk,SF,2022,5,1,0,14,23,179,1,244,0.73,0.22,0.32,0.56,9.65,0.57,0.26,0.36,0.64,10.63,11.88,7.70
00-0036268,Laviska Shenault,CAR,2022,5,1,0,2,2,90,1,1,90.00,0.03,0.00,0.05,8.50,90.00,0.03,0.00,0.05,8.50,9.41,0.00
00-0036271,Quez Watkins,PHI,2022,5,1,0,2,4,69,1,95,0.73,0.04,0.11,0.15,4.97,0.73,0.04,0.11,0.15,4.97,6.40,0.00
00-0036277,Quintez Cephus,DET,2022,5,1,0,2,3,15,0,14,1.07,0.08,0.04,0.14,3.50,1.07,0.08,0.04,0.14,3.50,7.05,3.50
00-0036290,Cole Kmet,CHI,2022,5,0,1,5,8,56,0,46,1.22,0.13,0.07,0.24,2.65,1.22,0.15,0.11,0.30,3.53,5.67,4.60
00-0036309,Darnell Mooney,CHI,2022,5,1,0,8,16,121,0,251,0.48,0.25,0.41,0.66,5.02,0.45,0.28,0.47,0.74,6.10,10.59,13.40
00-0036322,Justin Jefferson,MIN,2022,5,1,0,28,42,393,2,358,1.10,0.28,0.36,0.68,21.40,0.58,0.26,0.29,0.60,15.40,18.65,31.00
00-0036326,Chase Claypool,PIT,2022,5,1,0,11,20,79,0,212,0.37,0.16,0.17,0.36,5.90,0.29,0.16,0.19,0.37,4.73,11.72,0.00
00-0036331,Devin Duvernay,BAL,2022,5,1,0,12,13,172,3,142,1.21,0.12,0.13,0.27,13.25,0.83,0.11,0.14,0.26,10.53,5.55,9.10
00-0036332,Josiah Deguara,GB,2022,5,0,1,2,3,28,0,11,2.55,0.04,0.02,0.08,2.40,2.55,0.04,0.02,0.08,2.40,4.28,0.00
00-0036345,K.J. Osborn,MIN,2022,5,1,0,11,16,118,1,173,0.68,0.11,0.18,0.29,7.17,0.60,0.10,0.18,0.28,8.10,8.91,1.50
00-0036358,CeeDee Lamb,DAL,2022,5,1,0,23,42,288,2,440,0.65,0.33,0.43,0.80,16.10,0.59,0.36,0.51,0.89,19.83,14.01,21.70
00-0036387,Jalen Reagor,MIN,2022,5,1,0,2,4,9,0,12,0.75,0.03,0.01,0.06,1.53,0.75,0.03,0.01,0.06,1.53,5.35,0.00
00-0036407,Jerry Jeudy,DEN,2022,5,1,0,11,21,183,2,246,0.74,0.17,0.23,0.41,10.35,0.33,0.16,0.22,0.40,7.07,9.47,15.30
00-0036410,Tee Higgins,CIN,2022,5,1,0,20,28,315,2,310,1.02,0.18,0.27,0.46,15.88,0.93,0.25,0.36,0.64,19.60,14.54,25.40
00-0036412,KJ Hamler,DEN,2022,5,1,0,1,2,55,0,78,0.71,0.03,0.14,0.14,3.25,0.71,0.03,0.14,0.14,3.25,6.41,6.50
00-0036422,Adam Trautman,NO,2022,5,0,1,4,4,46,0,23,2.00,0.06,0.03,0.11,4.30,2.00,0.06,0.03,0.11,4.30,4.64,6.70
00-0036429,Charlie Woerner,SF,2022,5,0,1,0,1,0,0,20,0.00,0.04,0.16,0.17,0.00,0.00,0.04,0.16,0.17,0.00,1.87,0.00
00-0036482,Mike Strachan,IND,2022,5,1,0,3,6,59,0,75,0.79,0.05,0.09,0.14,2.97,0.79,0.05,0.09,0.14,2.97,2.70,0.00
00-0036550,Rashod Bateman,BAL,2022,5,1,0,11,22,243,2,317,0.77,0.19,0.30,0.50,11.32,0.58,0.20,0.30,0.51,10.47,9.30,4.70
00-0036554,Nico Collins,HOU,2022,5,1,0,11,21,207,0,309,0.67,0.15,0.30,0.43,7.92,0.59,0.17,0.35,0.51,9.03,6.41,11.20
00-0036572,Shi Smith,CAR,2022,5,1,0,4,13,36,0,106,0.34,0.12,0.14,0.27,1.90,0.23,0.11,0.14,0.27,1.80,2.63,0.00
00-0036590,Quintin Morris,BUF,2022,5,0,1,3,4,28,0,30,0.93,0.03,0.03,0.07,1.93,0.93,0.03,0.03,0.07,1.93,1.93,0.00
00-0036613,Jaylen Waddle,MIA,2022,5,1,0,21,35,381,3,388,0.98,0.26,0.33,0.61,19.70,0.80,0.28,0.36,0.68,20.37,16.33,5.90
00-0036620,D'Wayne Eskridge,SEA,2022,5,1,0,3,4,16,0,6,2.67,0.05,0.01,0.08,1.73,2.67,0.05,0.01,0.08,1.73,3.05,2.60
00-0036626,Dyami Brown,WAS,2022,5,1,0,1,4,6,0,69,0.09,0.10,0.23,0.31,1.60,0.09,0.10,0.23,0.31,1.60,2.97,1.60
00-0036628,John Bates,WAS,2022,5,0,1,6,11,34,0,29,1.17,0.07,0.02,0.11,2.35,1.17,0.08,0.03,0.14,3.13,4.02,5.90
00-0036635,Ihmir Smith-Marsette,CHI,2022,5,1,0,0,1,0,0,4,0.00,0.05,0.02,0.09,0.00,0.00,0.05,0.02,0.09,0.00,7.15,0.00
00-0036637,Noah Gray,KC,2022,5,0,1,4,8,48,0,52,0.92,0.06,0.05,0.12,3.72,0.73,0.06,0.05,0.12,4.30,2.68,6.10
00-0036862,Ben Skowronek,LA,2022,5,1,0,12,16,140,0,156,0.90,0.11,0.16,0.28,6.50,0.74,0.09,0.13,0.23,6.50,4.12,5.30
00-0036876,Kylen Granson,IND,2022,5,0,1,11,15,105,0,80,1.31,0.10,0.08,0.21,5.37,1.04,0.08,0.07,0.17,5.43,3.08,10.20
00-0036894,Pat Freiermuth,PIT,2022,5,0,1,18,30,223,1,246,0.91,0.24,0.20,0.50,11.57,0.60,0.22,0.18,0.47,11.27,9.74,15.50
00-0036900,Ja'Marr Chase,CIN,2022,5,1,0,25,41,293,2,400,0.73,0.26,0.35,0.64,16.13,0.41,0.25,0.36,0.62,11.87,17.60,12.10
00-0036912,DeVonta Smith,PHI,2022,5,1,0,18,27,266,1,319,0.83,0.23,0.33,0.57,12.65,0.83,0.26,0.35,0.64,16.87,11.28,4.70
00-0036936,Rondale Moore,ARI,2022,5,1,0,3,5,11,0,58,0.19,0.16,0.32,0.47,3.70,0.19,0.16,0.32,0.47,3.70,7.69,3.70
00-0036959,Michael Bandy,LAC,2022,5,1,0,2,2,49,0,43,1.14,0.05,0.16,0.19,6.90,1.14,0.05,0.16,0.19,6.90,6.90,6.90
00-0036970,Kyle Pitts,ATL,2022,5,0,1,10,22,150,0,346,0.43,0.23,0.33,0.58,6.25,0.38,0.24,0.34,0.60,7.03,9.60,3.50
00-0036980,Elijah Moore,NYJ,2022,5,1,0,15,25,192,0,367,0.52,0.14,0.25,0.38,8.45,0.39,0.14,0.26,0.40,7.97,11.47,8.50
00-0036988,Josh Palmer,LAC,2022,5,1,0,14,22,159,1,148,1.07,0.14,0.14,0.30,9.07,1.04,0.15,0.16,0.33,10.80,6.80,3.50
00-0037005,Tommy Tremble,CAR,2022,5,0,1,5,8,42,0,51,0.82,0.09,0.09,0.21,3.07,0.82,0.09,0.09,0.21,3.07,3.66,6.40
00-0037011,Tre' McKitty,LAC,2022,5,0,1,4,5,28,0,16,1.75,0.07,0.03,0.13,3.40,1.75,0.07,0.03,0.13,3.40,2.16,1.40
